gasprod_actual,gasprod_predicted
7394.854664802551,10589.77889577139
7162.104540944099,4096.13778809991
8094.434529066086,16580.624698988973
4509.429384112358,3694.3424508548756
3373.0076653957367,-991.0048150629636
-3001.5118367671967,-2019.6830733456957
-1851.427491426468,-2760.323447099654
-9516.719581365584,-1033.5959662990572
-6123.586044430733,-2134.405564244967
-4051.926178574562,-3894.4966266041124
-4713.972148656845,1171.046265828842
-7434.579478740692,-6743.941076331608
1854.332827448845,1754.815167363092
-13593.050592899324,-1086.1567931414236
11648.096912145616,7999.318038403431
-5408.875398635864,-9226.55993337619
-3131.923461794853,-1903.9752302930222
1712.7918212413788,1231.7596617173724
8425.319195389748,-130.8420604661087
-3790.3141391277313,-3347.144507285098
6914.995097160339,4875.293147738993
15026.039287686348,8147.695432527882
-2155.47738969326,2896.860142865841
2347.6689326763153,1790.213472195624
9986.787677884102,1776.8658446023342
-10150.700295805931,2780.1487630863035
-221.75382661819455,-3700.462252846575
-5238.8799822330475,6151.00595667223
-879.681490778923,127.20962605098566
-4262.789712667465,-4202.764549449501
1210.385782122612,2732.5043746352067
-6165.807162284851,6782.217591319111
-9673.786788702011,5550.995363791697
-105.33793079853058,6960.426913089454
-360.6263037919998,-256.29057639958097
12134.02126801014,2601.6599676513506
-2755.786561012268,-1041.4040559805314
-10194.091544628143,3011.5007122948837
10953.062643051147,15108.395867169418
16230.260058283806,1542.870731501197
-9176.298353552818,-7436.002111138781
2412.848979115486,6839.287202617813
9658.99638569355,7393.499011994887
-10368.223464727402,-10315.589323878956
8524.364137530327,1270.7287827782982
8998.7737480402,-178.33190368926597
10178.704614400864,-4067.819745355145
-12732.342164635658,-9904.72049627584
-3849.527843594551,-7681.41449503213
-2654.1680591106415,-2760.4180432354133
4759.9934014081955,11168.797948804366
-5522.47090947628,7059.754186441928
-5243.048709988594,1953.8012465540062
-5319.4500851631165,-5828.790483465501
12660.852696061134,9473.251266639261
89.70969879627228,-4368.965361569996
5858.59951198101,1915.773120284232
5267.303790092468,3945.084887732445
14114.349899053574,1075.340620070123
-6944.878728151321,-5507.063058492777
-4676.156372785568,-4064.2200214804852
-7341.210998892784,-5378.90052122891
-1273.051901221275,9726.902939924905
-10542.719529867172,-7737.338657207276
13658.211590766909,-8820.102403111243
-13286.933780312538,7158.92791348879
-10738.965677261353,-11598.464964198101
2589.6672143936157,9917.67410736078
5396.156306266785,-982.968787631133
10930.03888297081,10792.87166670758
-11002.950280308723,-7497.933741158158
-1915.8012657165527,-1841.6862609205334
135.62836813926697,952.3854288763262
-4004.795007705689,-3919.9891252502366
-1851.3301435709,1481.3865236860645
-1838.9394668340683,2167.573277752391
-8517.082086324692,2061.5028400192896
-9920.812900543213,-427.8250894872167
11773.64937210083,-3901.8035713126
-6470.231490492821,-1685.3557214402272
-2397.622100710869,4850.872608852877
6528.9957010746,3453.2210143331217
-261.2833378314972,1156.9505782220767
-2067.5320658683777,3182.2654441216628
7371.912210822105,13937.603396297322
3928.058741211891,5595.9425720715135
7610.349419593811,9795.876074145544
-11454.223807811735,156.70186502222305
8416.835139870644,8380.131267339657
-10567.846068382263,-5558.9370412510025
4189.595088839531,-7433.135741160779
8351.771191000938,-4882.3075181356035
-4695.475388646126,-6895.500343504529
3381.6960397958755,1117.0719864837986
-10096.641486406326,-768.1635295773922
6091.495696306229,1285.5101492338795
-10456.44015789032,-5165.940996569256
-3215.4797801971436,-3292.8675986176263
-5275.967519521713,-8779.78972817634
-12.84290623664856,-4796.2431923760505
-1127.0295696258545,2971.301016532895
2919.5712656974792,6691.858260699511
9016.628594875336,428.9199955860604
-2422.4640790224075,-2635.6718091015737
-14467.474943876266,-2193.943919479154
-7959.799532532692,-2487.808204001872
3864.003032684326,-2586.2971531437456
9828.670436620712,3182.3542765841585
9732.706669211388,2691.768841880631
-12929.553270220757,-9086.602736551344
7557.769346356392,-4653.093249880401
1589.550933122635,4941.253482031042
-14394.863139271736,-2227.66995809891
-8105.546942949295,-3056.952192194816
-3728.166503071785,-2305.4865485749283
-3662.024880290031,-1176.2735169749876
4066.8483649492264,4184.477609950666
-3560.6328760385513,-3283.2140429308056
-3830.114161014557,4865.195571543116
7386.63850748539,-8496.891927229477
-472.32429349422455,2108.3410820768986
-4304.085314631462,-56.603062437305425
-6982.586004137993,3261.3159361694293
-8442.924953699112,5536.170509237993
-2919.988556742668,381.82095045729886
-8763.882659554482,-1737.6611961454291
-14623.491645932198,-13967.094354794757
-3613.7658644914623,-2463.740642146788
-8998.49611401558,2049.1004111981265
-4127.699268817902,-4280.602503045265
4953.876721858978,5600.965654283862
3283.232920527458,966.9403511814801
5175.760186076164,915.4928446583986
-7990.834131836891,-1170.3213163782357
1969.230563163757,-1658.1616618427581
-1945.2471902370453,607.8450803875852
10105.030415654182,96.13038827802484
-9397.291868329048,-9985.66203337469
-3928.4001693725586,-3414.754090026476
-7563.554817914963,8630.208280884774
-8499.259950995445,2644.3005193268395
-10510.912024259567,-10795.780928861666
12170.066298246384,-3911.186566495226
-3527.145465493202,-5035.613628569938
-8015.098202466965,4071.1083063242504
6586.533358812332,27.6175379315373
-9362.801595211027,-1073.9058114543286
-5633.674618124962,-6676.873316559618
13.991055727005005,2927.176369667378
3151.0576918125153,1529.3225931735678
-3070.9837378263474,-6283.226725469853
-2352.725125551224,1621.5278223816076
-1802.9921791553495,-3654.3100293240427
-2468.4033846855164,1284.318077795348
7458.487347841263,8473.799465966045
-12974.273918867111,-491.18499076105013
1135.095725297928,-3710.826620210332
-5483.640916466713,-9319.217793494774
-7014.33642411232,-1759.6116575165547
1832.7077726125715,2443.6428726573463
-9798.88779258728,-5091.102585916344
9933.978581428528,-3594.7533272764604
-12895.554395318031,-7837.173103495877
-1030.991574883461,796.1320617963424
-2369.527464866638,6573.826856504901
-3415.5721765756607,-9083.547016710425
2870.1248445510864,-3549.1299552686805
-7277.272025465965,2629.9411949658925
14567.947042822838,2572.028226093894
1350.220138669014,2035.9327891209355
8907.51936852932,4014.703819804641
-600.5600814819336,1466.247385779964
-4847.218948841095,3103.110359751595
4772.214830160141,3921.409531041469
-2892.1543345451355,-2928.430601860302
-8539.566980481148,-3238.6003367835415
13524.04305946827,-5425.895495125536
-2804.5030027627945,-2161.7575620341418
1258.0966211557388,-9040.809312656176
5613.949133992195,1063.4135653787957
5820.965713977814,-1728.4179369141902
-10231.094482183456,6346.685504705044
4985.483036875725,5601.977306732467
-3758.356237530708,-3774.863540116695
685.7034106254578,-4975.4214159703315
-1004.4424806833268,2715.7198729509237
-411.510756611824,4720.50302085587
3824.1740268468857,2630.0297334039
1741.572666168213,7335.160568431353
-1275.681156039238,-2734.874538594444
4716.043538093567,-297.08138462887973
10152.67052924633,5604.6238096238885
-11604.534176945686,-8750.494725549754
8775.122846603394,4266.918925844142
9581.74079668522,833.2257069590364
6290.6114711761475,4077.9111359072913
2312.253760933876,3395.8565657926392
-14008.943438529968,4543.730216265267
9517.734352827072,6568.345020721843
1814.768780708313,1831.709595018332
-3095.438922405243,-3605.241816766863
-9288.831213116646,-9753.752620749487
5886.125929117203,1061.1136198651254
138.7590571641922,-778.8945344535157
13374.68443119526,-4701.751940485909
1095.7733726501465,29.485395852669306
13009.762557148932,-1874.7964143946692
2304.3173209428787,-2620.516794480407
-2558.723563194275,1819.0837938224222
3.0769011974334717,8348.615015729481
14118.284705638884,5734.11707925691
-3020.5043148994446,-1871.2844318350726
-2063.5659633874893,-4070.586880907471
-3877.589990139008,-4203.189788701905
1539.8177789449692,346.45564953371445
-3282.0639955997467,-1267.9338260077711
-5742.566944003105,-3057.380618005434
5148.619901895523,3594.4622169057197
-5417.843882679939,-5297.845121290384
9795.867555618286,-448.3065269013432
-399.26055121421814,-1475.3090075854532
4136.385823130608,7794.505092572615
-13130.150072216988,-4334.207043834867
3093.5286806821823,-3226.3062190615105
-11732.34883403778,783.4646633400395
-10649.54900097847,6096.471613414842
-5970.193892717361,-6038.348463694087
710.017728805542,-1264.494334003736
1497.322149157524,-2745.6890381254316
-8757.41191470623,-2068.4224123768486
-3071.924576163292,2695.2106730869114
14551.432477474213,-1860.501865941536
13794.29289484024,-1053.434252338475
820.9087156057358,-883.8962637255242
-3941.670344114304,-1989.6238522461504
-3863.18380522728,-18.885581460147705
-6582.048380613327,5441.068501104446
-10005.625306844711,-10848.349198720014
-1967.7958859205248,-3320.430041053116
10000.52136194706,6689.408880599358
-2813.757177710533,-1548.959881910346
9573.518413305284,4976.515368764358
-3018.9968860149384,-73.47212859111244
11876.018052697182,8854.117739177933
-7452.770833611488,12121.556945889068
165.94985151290894,-703.9410741365211
14361.272239089012,1380.4116775023936
7562.763974308968,7297.041290759391
-6170.321903347969,-10337.286654621586
-4057.244770526886,-2720.0612558868843
-4226.24364566803,-5568.845464929369
1721.9645243883133,2057.155357168409
-7266.094361782074,70.96925796059622
-2309.113485455513,3748.0868702208945
4882.266468405724,1855.6729520437868
850.1434859037399,1320.5083944844132
-5216.982997775078,498.92615551485846
-208.64965653419495,-790.6207855146167
-12386.412459492683,-11301.954881441581
-8420.98142027855,-2540.6186922661186
-2557.993498325348,-2084.295843059382
-9330.64014995098,-1543.2167538414196
2542.465216159821,1849.6944753949952
-1306.9325408935547,231.69111692607498
867.848662853241,-141.4156396679274
-8303.104281544685,115.00063270135081
12472.979272842407,6439.061964456142
6235.412729263306,-1446.4588589065606
-452.30262982845306,3074.747299238621
2639.3889315128326,3014.545505418158
7338.880294442177,2851.398024851563
8666.635515213013,-2598.8479540965586
3785.912847518921,-3510.7687777414994
16125.68867635727,3731.329139712814
1715.4636875391006,1613.3631119251972
-9666.1709536314,-9499.072453581044
-8772.48034453392,657.5865979914074
2843.847028017044,1059.7017559562514
7286.453555464745,5123.052042274976
3645.304051756859,-8899.447193161266
4501.439779877663,6822.897785346329
12570.399455308914,6585.0499541600575
-3405.62450504303,-1948.2177137941371
1640.981669664383,-591.1586369504275
13371.754074215887,-2163.658030632988
3051.751053094864,-4842.345797856693
4689.761313199997,-2641.1475121821613
-10620.077427506449,-5705.966559287857
4783.460430264473,935.1889251248269
-2308.9342390298843,336.60373315662616
9402.19948875904,4776.521174741727
-5906.5773339271545,2082.9754210447654
-586.3401223421097,-590.7203306919854
9292.848714470863,7899.380119898328
12288.355622529984,-5423.7596509731
3609.3607202768326,3133.440084237755
3776.421241164207,-6356.516877654163
-4752.93185377121,-3261.000111420099
-7046.4561201334,385.34775517477226
1106.0174025297165,-1288.413464102633
-2018.016629099846,-1151.9067396751552
-3998.791606783867,-4123.471116295623
2409.676616668701,2080.945327360946
4655.700831651688,9348.606586249027
1889.9834389686584,1974.4269015330792
4229.551101565361,-1154.5241846077947
11594.65483045578,-2591.511178967516
243.50688517093656,-2143.393643438517
14353.902542948725,2420.0088873760233
-4716.710453510284,1299.3897085772055
-5195.553838849068,-4896.344590715963
-8470.100865006447,8967.923649113092
13965.044594407082,1562.3712616404373
-11443.104424238203,-4038.970917637842
10046.736114501951,5521.3105669445995
3171.2499774694443,4905.890063383493
-5136.137459397316,-8520.688612092601
7181.061204910278,-995.1569678658097
-6471.167513728142,1329.2852870822278
-4613.958686828613,-7978.555591307832
-228.35903346538544,-63.20771753695453
2785.1661031246185,-1972.4676991837923
4466.002530455589,-3466.5292960446677
3696.818396925926,6613.197511545644
-989.8294204473495,286.9915926080628
-395.32497334480286,6089.02811238922
2852.941723585129,1459.6207258717845
-12625.906896471975,1902.5292568592579
-1767.043842792511,2867.0490506214414
-1871.4310623407364,-3672.931966119013
-3331.3281836509705,-8894.461401119643
12364.892665982246,-1734.1634071186386
-2257.6686722040176,-5416.492263178084
-10549.087752580645,-10538.658431300622
14693.77903676033,6196.60563142269
-2397.0137852430344,-2476.456867373378
-3344.9054160118103,-1268.817928429674
7929.051739931107,295.4124242813132
-5791.339555025101,459.3767924692813
10731.107520103456,964.3922566286105
-10638.763097405434,-10642.331683833194
-5674.1919630765915,100.64990529448693
13687.07713830471,-1038.8642164040466
-505.1786369085312,-616.2135045404476
-8423.004648685455,3903.835996942019
40.40136218070984,4603.162287982699
828.0852378606796,-4132.445646257945
-8089.016653060913,-10369.268530937654
-5531.836686253548,-2493.1609771832855
-12376.05863726139,-1916.663542532028
-9710.094539999962,-6202.570310776873
-2815.063285708427,3981.4885421025747
12205.117508888245,6262.172030204771
-10947.918334007263,3970.2935935413366
159.64683520793915,1667.919405987287
2048.893065571785,2066.1163910831433
1495.5535089969635,-3733.602100576138
5182.091570258141,9198.028514915912
4906.76088488102,2361.7447685598636
1095.1642453670502,2983.1327797117037
-1815.1836055517197,-8818.47409900373
7844.181422710419,-93.30431163946943
5408.782794713974,1542.974402564527
-12187.408487796783,2011.4888065007644
10937.1176738739,8531.499917860425
7736.530710697174,-2095.010616076686
-4153.113968014717,1869.032061881328
17122.86499464512,-635.0716871113347
-7969.232076406479,1720.4460554578845
-10901.225581884384,-3640.1132441866494
-96.75037848949432,6292.642514946508
-191.17405331134796,430.28429544969026
-11649.806445479391,-3929.674270082807
-148.38875663280487,4.508099099711842
-9378.491303563118,-2150.3173742859226
2258.7732342481613,-3245.882250487542
-12406.281497120855,4834.17367169274
-5798.88679921627,-3103.133633821233
-8118.504830241203,271.48408721430206
10535.849983811378,8279.693853445122
-8614.177073597908,6795.274669467802
8555.695165753365,-1995.1532833781246
-12946.573098778725,-153.56598614610004
7759.569938421249,-7530.69382526103
-1660.695511817932,-2783.383238077268
587.4500534534454,5918.355605766971
-1201.7452087402344,3485.0864060653694
-7188.4057368040085,-3358.35766303955
-203.3757107257843,-9746.172550234289
-4799.757790088654,2571.053194295163
-164.48939383029938,-2151.8690085773064
-4864.265557408333,-2963.130542178219
724.2233662605286,5304.673932418171
-4192.112868070602,204.14462623853422
7911.723306179047,4921.460722361968
-3864.363227367401,-523.7154449819536
949.2702493667604,-4913.013197121505
9224.98021864891,9374.78602539159
3391.28835606575,-2168.827391360337
-9998.18765628338,-2417.4152302788157
-3880.461641907692,-447.4094362923806
9845.121953248978,11683.816828855382
4668.547103524208,-1430.0680379591986
1963.093392252922,2509.750402051782
3005.808015346527,-164.2274891880827
-594.3739005327225,-465.159408402659
-3512.91475045681,-133.58419067630393
4544.321017384529,6402.529726570618
9853.758464694023,2394.1609935210245
17005.911415934563,10564.715024645537
1089.690093755722,3789.3689952677228
-2453.8477543592453,-3534.842002466866
-14296.640016317368,-8351.139699758156
3383.678284049034,1100.6189785662796
14112.915088534355,3674.423811378396
-2375.4484761953354,-56.729672301542394
10046.596131324768,7641.33680533086
10410.89613711834,-1391.1688101238813
-5741.82111120224,-6731.842289879674
-4499.8554673194885,1143.7225736267346
-3329.6662940979004,-2736.440868627907
9562.028010964394,2734.6449868577174
11241.981483459473,-1850.9871027008276
9407.608255505562,1880.2023056301748
76.94409608840942,3580.2126274844823
11551.891366004944,-4407.040746711385
-5737.188183903694,-6036.046865493447
-4584.712129116058,-4980.552575177055
-10075.759466290474,-349.99930593699185
10025.254982829094,5991.650830972999
16157.94270515442,1019.6177997751561
4034.421573162079,8018.750976564933
-6785.882606387138,-6824.0762777449545
-3883.015578389168,-5180.433504603661
-982.2193417549132,629.6910176124732
10799.385571599008,-1819.1850203348781
-4544.247579693794,-4896.96525360704
-8638.260400414467,-7321.517593891405
5250.22769844532,-3270.5761925568463
7822.26403939724,9866.651919424123
13372.3678535223,-4095.989031260177
12378.354023098946,2199.376982242256
-3848.890280485153,2725.1048023678823
-8974.06471812725,-3168.6581809712584
-1008.8893342018127,-1486.0568082643535
12129.813565135002,11579.172125374293
-867.0359694957733,-4783.013495561549
-2618.932399868965,-2982.383498859701
721.5494190454483,-2099.6353287775173
-4008.424760699272,-3968.8564955272054
12749.370612621307,8521.78579289153
-4678.699464440346,3873.879291926971
-2183.602590918541,-1477.548872255426
-4133.051211714745,2605.500071633788
-4619.498663663864,-2833.1559213940855
2700.0824798345566,1.8976211291075629
-2686.4419157505035,-1116.2239392624706
-12565.44212114811,-3119.6590114341016
-4428.191345453262,-3074.909104511017
-8123.993943810463,-3788.699794076598
-5584.019200325012,-1105.1697960020786
628.190464258194,10398.75794876238
-227.5217560529709,-1567.9705994330939
-2009.621554017067,-2367.7261797159786
-290.4723722934723,-446.75035803055823
-919.5293537378312,-4841.153291043582
-3897.602421402931,593.7185539117334
-3941.0156611204143,-4211.63695550441
-4541.41139292717,5192.49443641118
-4041.7794605493546,9111.846575853904
10754.434400558472,6166.120134351321
16394.92434322834,-694.2296510010881
1098.5459389686584,-2194.523479204075
789.5812203884125,5824.341735418845
-5457.731685996056,440.5593378651706
2507.726917028427,-1269.3321664562768
8519.809828519821,6325.432080582033
2677.833171606064,-90.84067091387442
-2878.502498984337,-1140.6246164375998
5675.5199073553085,233.54497131570315
-777.3350108861923,-2109.990934405145
-952.1074981689452,-340.44327163743276
-4994.061612248421,-656.6107303872609
-13277.923656821253,1201.662341185955
-1755.6866273880005,-1636.0605513784958
8452.29204750061,-2350.309237895793
-8327.397654175758,-5483.1991509180925
14455.025535821916,4343.933462060804
-9986.147956728935,-4811.4356126214725
2016.979225754738,1727.9267058616379
-4960.309781193733,-3700.633196774859
4900.058979034424,-481.08148345268734
-5107.286215543747,-10334.909319095457
-3126.1916941404343,8746.479586279069
-2691.2532061338425,2194.2255573600924
-3793.644731402397,-1216.7355458448337
11353.859890937803,1991.3797108226458
-1059.2940856218338,-1472.3501612468913
1619.507549405098,15212.775174041755
-5601.525270700455,1051.4518239566542
-7801.405958533287,-351.9446875708759
-4189.354000926018,1561.9904959749624
14613.81642484665,14358.089030902302
-4969.9803549051285,-8385.366187520212
12184.74181497097,-905.8293528216188
-5152.189810752869,-5301.131989434876
-3802.5999286174774,-1250.7807785805703
-1738.7269068956375,-2369.6839533849434
7030.624136328697,-9150.012507532212
-5603.915547609329,1617.4224288106607
2364.530092358589,10830.561375286035
7973.040762901306,-1425.5584199377863
-12976.478117227554,-1818.1853323372284
-7168.657027602196,-2070.5998627810263
-2616.4113585948944,-2777.603944444425
8365.597098469734,-1400.3906214080303
15918.544936299324,2661.5637040983356
-8385.228678107262,-4593.961007271004
3305.6112291812897,3572.341929527253
4826.680421829224,2386.952170095489
-8508.392022371292,-286.8048790472514
5893.084165930748,71.6983823883038
1596.6608885526657,-7143.063329614688
-6570.92748773098,2060.8990179636003
-3116.9806578159332,-2927.234692119949
-12775.861577630045,-1574.5013324891115
-4090.014840841294,-2275.094445736544
9877.2407258749,-3756.193672301271
-5999.710600018501,-2774.746554282443
-2367.656602501869,472.4778186680396
4967.641212940216,1266.362376371732
-7142.612231731415,619.9323505595921
2559.6081850528717,5423.209390911918
-11278.602883458138,8178.598669347655
11459.852894067764,3562.8504480948623
469.9327446222306,260.42718549361916
-10819.626544475555,-1580.665231216486
4431.280114889145,6117.599929071949
14645.21327996254,2161.4673251756535
-7349.670747876167,-248.3105070143772
-1333.4235169887545,-1073.8946877006792
-6719.752485394478,-1830.8874761178797
1484.9569358825684,-5536.388978082522
-10376.423418164251,-7543.844443945232
-11741.82354259491,-3395.615169151558
4593.1612939834595,-263.6628529867007
5023.600523948669,6992.0697832552
-728.70873939991,-9066.373034338476
-7864.510925531387,-9043.276307927012
11330.286607027054,-1959.6392892765346
-12468.715009331703,3793.3810017105034
6329.017637848854,2464.1692079551776
15517.728165507317,1311.0662611979078
-5165.306829929352,-534.6055182516645
13007.29232275486,4631.29771351424
4429.923920631409,-7537.258011285928
-3366.944462895394,-3520.442719842964
8978.170129776001,-3848.806675567679
-2349.2214354276657,-1061.422956268556
530.7602770328522,4455.037138680927
-2114.8297576904297,-2133.9900776323875
-8909.81114268303,-367.00103045292934
-6558.012624025345,1822.7767207649313
2453.5178396701813,-10.088874514812346
3859.764910936355,-3264.269010558464
-9647.95374238491,1239.642681652802
2209.6641063690186,1852.480228909963
-13354.436569690704,716.6879331685732
-4734.8570343256,-3848.6019540908605
-13780.50621843338,-1561.3950436091577
8915.212456345558,5364.675021147594
1967.994747042656,2892.9427848960513
14483.36894416809,-2769.5966348738293
7159.121019482613,2582.3215324325956
2348.5470881462097,-1691.5314872675451
-6017.798006534576,-2093.24700909982
3075.0980310440063,2848.7832780801104
-4068.65012562275,-2348.0252175867417
-4443.239318370819,774.632585623769
562.0127937793732,-2440.088751841931
-6056.268226981163,8610.504025480841
5450.798552393913,10373.56290702722
11211.904490470886,4597.405951330857
-9413.004665493963,1957.5522089133965
2869.781375527382,2340.6307519555103
11243.853084921837,5590.864500361707
8105.807590484619,-896.7203053099402
-5129.700151920319,-4297.287064544673
12735.668313145638,-1328.5871846598886
-11866.101648688316,-1433.3001086548538
-5706.459121346474,3389.421400385687
-2489.578719139099,-1946.7847721145718
857.927420258522,1265.7839858536465
-1174.9105260372162,712.1867430679758
-4538.4038145542145,7861.852516459226
-7247.065273523331,1184.5241487753365
10859.340175390244,8443.359761308035
7362.281742453575,6766.285877092748
8897.420764803886,-6420.4722116020885
-11556.776543855667,-4426.581145282141
14182.558262705805,3309.2792979051565
-5013.151270270348,-7503.10561364207
10066.671030759811,312.46052493915613
8090.479661941528,3694.437353407083
1293.088931798935,-6032.440382544984
1051.2165298461914,6871.437972413076
-3357.400867700577,6354.475664039122
8097.242496371269,7942.05618646513
10355.4439432621,3090.1034260435963
642.5957198143005,5039.8095440847455
-13881.21067249775,-4572.655379740527
3765.2575713396072,2120.28292129282
-1742.0343143939972,3132.6031046989606
5619.785928487778,1264.024076882034
-5376.124751091003,3336.9300674186543
-7128.229301571846,-255.52524259462382
10459.311241030691,3842.7646437062467
9893.180365085602,-1286.2061690056134
11130.395904541016,5844.644641774156
-1427.4547909498217,-3484.1210356275756
-6202.569415688515,664.1287239553897
-5192.759618759155,-1242.0950170543972
2961.58802485466,1315.2855162334586
12035.989414572716,-2445.4426153768995
9518.215150237083,6975.517728567833
-11320.850546717644,1658.8145083835354
6215.382658362389,5222.069351963839
-1565.939034819603,-3153.504799575237
-832.944912314415,-619.4186691196462
-8186.207785964012,7928.880803278455
-9960.20497906208,-9952.39169309658
8778.621955752373,4291.143425207016
-2899.6689400672913,-2479.3386373530675
-4146.0777810812,2655.207183633791
14858.388172984123,8017.24055273928
-10397.27708351612,-9897.238644775376
-7809.434848546982,5945.258595743509
7456.235527276993,1334.6425919090048
-3006.5047949552536,992.5860688443963
-9095.028168082235,-1634.4714798464286
8707.366445183754,-4662.616208876889
8139.962486147881,-428.59093110023286
7569.173313260078,-7785.579350249257
-4945.143669605255,1954.4356857318242
-3506.004271388054,-450.43081427801565
8685.997934818268,1301.8551394835533
-766.2283647060394,5631.253323664786
4808.517571687698,2523.21296564584
-2173.0673097372055,-3634.4648326161882
3990.6247659921646,3519.231246135577
-11405.895556688309,7979.565111330848
-10457.065172433851,-1143.8097982105671
-9993.137456774712,-5781.943845517353
2046.0963875055313,-7498.148006799044
14386.708297610285,5660.521200652156
12270.49896156788,760.7226776743541
9697.788784980774,-6623.79904813524
10410.937430381777,7191.609132845283
-3849.3541991710663,-3605.2654583579915
-2751.5860353708267,3770.6314497311237
8805.924531340599,-6566.49933230743
6318.777913212776,4999.068694638363
-4063.972369790077,-4655.2849601883845
11965.431591749191,11631.700107413071
-1105.3248094320295,-35.66679002802357
-1930.312578201294,3204.6929084663298
-2554.6048568487167,-2584.9360864016026
-10849.2486628294,3714.9441842422325
-8857.855849027634,1789.410687128936
-10134.152505397797,-6046.346143082798
-11905.278200030329,3665.6325738244154
1900.6577849388125,1241.480948394334
-6872.363277435303,-2521.234491494507
6095.310658693314,3204.61089797314
-6154.013204932213,-5587.66660646592
-4001.593743443489,-4074.4070839845904
5596.579421281815,2712.4624104175805
-8922.337039709091,-8781.595951173389
614.8712013959885,-627.093858927359
536.1599580049515,5938.681194830766
-4687.975477695465,-4892.289628732575
-9884.548321008682,-983.4355410826948
-247.70040345191956,-6759.4149156044805
-5939.112249135971,3234.3428372383883
10454.03050839901,-2921.8933761465573
-4749.948283672333,-578.1871628379372
9887.71631515026,-1195.2333309116088
16256.244038581848,1105.1269453743848
4641.405336856842,-2373.1817956315435
-1755.309613108635,-1787.5185900675347
-2478.5084623098373,3398.293446036421
4901.907073378563,-259.0627471648654
9940.162335276604,6509.758144183908
-2771.1036525964737,1513.9283121007447
1845.2921472787857,1698.0033480463296
-628.9608684778214,1193.5141903261606
-1202.9694533348083,3685.1473012634724
-1262.3198708295822,1095.5446615165006
-3849.7648671865463,-2139.950435816844
-3227.048152565956,196.42984724812118
-9787.701715350153,-2442.974042501503
1163.798341035843,561.1478297210808
-2600.684556245804,-1895.3173367050395
4368.292567610741,3536.078775058633
-7782.835854768753,-4663.6864188334075
291.1458204984665,1827.2299358336331
-10720.510039925575,-7770.485641067837
2970.598999261856,2793.210211835677
-1872.8664075136185,-3114.759976322709
-350.17215383052826,-232.76787009746477
10150.248497366903,2063.0462943821294
-552.6268085241318,5603.7747522085865
-2260.493393778801,-2654.5865421101134
-3661.3462121486664,4891.651081619263
10218.729588150978,-68.44258507626614
14576.528439760208,10743.274077637772
10767.507815599442,4890.491681359564
-13536.047286629677,-46.9546758655415
6418.194655299187,-2209.371452522505
7500.338776707649,4415.674742318763
2798.9023077487946,10987.284761658571
11477.120229005814,1002.5426576710374
-4290.440481901169,-1535.8425124668283
-4052.202911973,-3714.5620988602623
-3708.872314810753,-2951.5940568814603
4979.968233704567,4198.8474697995425
4251.921547532082,5203.273360699499
9305.658416152,-1247.6417557652096
-1947.5560458898544,1947.3002701057526
6388.7021371126175,-1137.0471448084145
-2822.163999080658,-6593.9500580748145
-400.7965335845947,-2772.8970543021715
12763.135510802267,1233.212716679046
-3265.0916191339493,-3613.4296893027627
2992.3741500377655,-6066.9407782364815
-2178.851731657982,-2300.920240904149
5300.8247010707855,3791.6405402453884
-2946.43202316761,-4710.164972148092
3764.832109093666,-1338.687878764109
-3555.7114341259003,-112.2420618311898
8573.912716269493,10459.211714590017
-5496.843663692474,-5855.834209363306
-10033.943807005882,-5663.36165587207
-11259.024308085442,-6335.597899495995
-9600.612565159798,-6074.666029444954
-7977.96298956871,-1799.2889190067083
-7733.459169745445,4492.633909613401
7369.049282670021,3217.307737205493
382.76543295383453,1668.8547921371603
-10727.737927436829,-6801.580423228774
-322.9900529384613,-1775.6396633086922
-1854.970921754837,8889.326413997782
-14195.570405364037,829.4068880387351
-2426.7788219451904,-1584.3290163400427
16244.233818292618,4943.369174446798
-8484.775423049927,-2161.969368917532
-2022.5687736272812,-2449.221123587219
2817.231641769409,14315.290587099164
284.4274581670761,12187.921246554504
-2477.3318140506744,-1725.8052016917045
2533.801943898201,8019.289293065902
-3111.731015563011,851.0049406191048
-7971.174007058144,-6881.724618869477
-6013.324291586876,2548.9977899489236
8199.42056274414,1595.5063056093577
7272.182519316673,1504.0208560118676
10373.833028197289,-5932.186497446346
1592.0456953048706,5399.611037700605
2953.9945859909058,2800.5592398811564
12557.813317894936,4568.343133716454
-2549.721758723259,1822.8361671883267
-1473.6192008256912,-1123.5699498877893
-2050.2484308481216,-3336.7926983334933
-4065.6012983322144,4960.59898498952
7267.878804326057,712.9330794367885
6177.175949335098,2202.752676489513
-8409.884397149086,6450.665719801616
8470.274333715439,992.239526827435
-247.5050857067108,192.71304048092645
-4505.967202425003,501.18091050150304
-1667.972600221634,-4170.323493654359
9937.69646191597,1387.5549523582044
-8639.364869713783,2818.9300976450113
5458.66369497776,-2641.727120697696
-5836.978625059128,-685.8339737517788
-5370.902796983719,-3308.2690173504
-9835.416216015816,2537.010406295354
5283.162767291069,-718.8070681374011
-5061.885009050369,-5293.726237075269
-143.09503066539764,-451.22453780111925
-434.73510479927063,-507.29589336859544
-565.3518854379654,1864.7127893638553
-1849.0752339363096,-2421.7608717341895
1612.7267422676086,2453.6137637453903
2018.512273311615,-1268.6236727091082
8709.320634245872,2652.352551272032
-11644.554050207138,-4016.176927630261
-7062.176219344139,1004.3415374822305
-4462.838023543358,-358.81571008909486
-1804.8414169549944,5102.984989428942
-9996.546117782593,-1844.3907337544406
6599.71688747406,7010.656898620563
-2565.7060532569885,-1397.5631604304767
7480.611572265625,-2070.1961111713244
8778.517548322678,11142.861513855194
-6118.571746587753,-4727.747979008814
-3326.9013768434525,-1293.4386537817204
12360.553226828575,6902.662300759056
-349.30384480953217,2846.0585863208407
-3189.190209031105,3701.6212891693813
-2629.2059049606323,263.7943138695768
-212.75567269325256,1424.1779827799257
-2221.6589546203613,-2399.188860305678
-1038.518367409706,-1543.840886949791
-491.36088466644287,3413.2256275823656
6050.738179445267,5254.3583173322495
2085.8557500839233,2451.6734995614775
-4352.078588247299,9053.334541249615
8056.343442201614,12285.003555116735
4202.214291572571,9632.260282649953
-3063.0458719730377,-3165.0026433862154
-5157.345745205879,4874.247918659845
1731.0765410661695,2238.4813673555846
-8187.462154388428,-12261.503070243456
577.3481965065002,721.7151440278503
4059.990806460381,-2182.339406376639
17765.838263988495,2155.882300034649
-1777.0767357349396,-957.4824859850387
8263.336756110191,-6556.796162371722
-166.00394749641418,-1100.166680774519
-4295.456783890724,111.81354622171125
14564.292223334312,-3709.095158861754
-3069.022768139839,178.86721413302553
2650.187218308449,1475.3151701477693
-3465.365151166916,-3567.3489628589036
-8904.962897181511,1947.9890143874138
-5391.428904175758,-2314.8600354424143
-7702.969396233559,4031.914476482157
10464.379382371902,-1974.5251553137593
-1746.5836795568466,-1734.691334244492
5273.87328350544,1336.7741704653854
-3843.3040211200714,-2464.594835109806
-8429.533371090889,-8975.149435044199
-3019.9712398052216,-4149.00358590227
1338.9631276130676,9363.388198723776
-8618.833544969559,-7726.10907750234
12189.847784638405,6657.201505655999
4329.970352172852,5965.9031974556565
877.4661457538605,-493.09643487342703
-511.06516695022583,-1416.5264110212004
11271.464400172234,-1298.8648298933326
1306.3012450933456,-2366.9096881959954
-4559.515787959099,-120.36804158201076
-563.4869318008423,1634.5741493687776
-3605.001319289207,-2856.4276446944314
11940.25556588173,-2312.3744448796347
15620.027088403702,531.9399660094914
6996.137331843376,5989.663366639016
-3948.833932995796,-5796.44016533668
7252.291650176048,5776.705365975645
4009.3869057893753,8129.688502241859
-11989.525486826897,270.26868298483623
5563.965226173401,2550.3224315762727
-3938.4389972686768,7454.8634702370455
8980.67624270916,-91.89695219945452
6133.2955141067505,3043.8929688582334
943.8406747579576,-434.4356233323324
-4469.431757450104,-3984.2046031428044
-9750.68700504303,-4886.109285360588
17385.97211921215,6395.824299144623
-2608.55657172203,-3373.644956750721
12413.112571001053,-940.6532252079016
-7154.458225846291,-6866.898899385062
-3616.729418635368,-902.0276398880837
-11112.319623589516,-8991.614702160334
-5998.021360874176,-1108.3422244942146
-1477.3454146385193,776.2741975029428
-5441.908273696899,-2247.2063655675383
-9289.165695905684,5375.589309491364
4421.6056871414185,4967.585012214884
-9970.076847672462,-11522.14377068421
4542.314692616463,3901.4911292260167
-13867.733238220217,-3651.9886497361813
2208.7978237867355,3488.1843036484443
-9794.838130831718,7642.7939753627925
-2563.549472212791,-225.10837524492047
-14055.176652789116,-4103.056552855342
19445.324251174927,2350.300138008809
2686.400051355362,210.89425055212857
12488.747027993202,-5627.173683986022
-4088.76369202137,-2148.4882021204476
1439.4646371603012,2091.066656566122
-715.0895382165909,-3725.2011368582434
-11147.274783968924,3639.157490860433
462.4333236217499,-7067.9473497015115
1863.5776516199112,-1362.8305112230375
-6970.652286410332,-4285.814932073669
-8732.14477956295,-6041.221568410618
-794.3825349807739,703.5389598773846
-7801.585396528244,-8876.395992621812
5727.964001297951,7688.248578923307
4871.783155798912,-2716.5588076076597
11673.3154078722,-334.644976821457
6573.775765299797,-1340.9100633557464
8601.249997615814,4258.607171108483
-1593.916051864624,-2191.766205290418
-4100.23726606369,-2624.336398291205
16393.605588197708,-5812.723476369897
-13335.633193969728,322.13302246919557
-2398.384925842285,-2737.605310326211
-10571.829778075218,7845.215483934084
14938.778646349909,4763.488866579396
11610.71656847,2746.568786273383
-5061.33904838562,-4503.419263454046
14171.63887667656,5808.246021408138
1036.7075835466385,-1120.9429239052477
155.94302582740784,-1083.0028865948666
14835.324304699898,-3165.317814688664
11875.28885447979,6011.6508389416385
-13396.187797546389,-562.5574031196637
-1071.0411442518234,4083.971565625655
7002.04022192955,1722.6820254737772
-5032.789000749588,4569.707698659855
13020.24473953247,3828.7118349666257
-10073.514469385147,4639.428617802639
3976.543097257614,6722.305783724173
-2772.8512740135193,-266.07445176883965
-9684.04058265686,-5798.907142948688
-1676.8049956560135,-2820.4382321093462
-415.5312088727951,-4833.60893968062
2611.323779821396,2803.977846104922
12603.030027747154,1715.5263927797787
-3868.0368916988377,-3814.875071612695
-5193.432811737061,-3471.5221984988284
7054.831106066704,6560.092475699273
10573.425482988358,4692.561443016895
15345.700013279917,2309.3611285627767
-2510.552542567253,-7622.403019543413
6610.644766688347,-1609.9365752669446
-2266.650553703308,-2470.359991260406
-7500.358020186424,6645.530576356781
-10258.093439936638,-2961.9778718672687
-2105.169730782509,2298.693525718163
-3840.430543541908,-3446.5885570220357
5179.100404381752,2504.934423854751
2999.7762154340744,5880.201262170265
-3312.628928899765,-3884.7363798713504
-9116.674702644348,-1255.0598855855287
6829.94295156002,3758.357177619883
-584.2349237203598,-8181.156257439166
-2962.8234502077103,6421.404868803009
-3723.7827585935593,-5740.667282917755
-3462.5639358758926,2467.2380317353886
8621.42238855362,-1059.4340701728856
-9855.49914598465,-2165.5466047033206
6059.298816204071,802.237906132375
-10841.511538743973,1196.736282252598
849.2181876897812,4463.270533749912
-2861.226249217987,-1968.080940018867
1933.527764558792,2434.2502300569226
-11644.07274377346,7190.096219249957
-2483.698840022087,4028.8884458171888
-8885.143381237984,-2363.0923062161555
-2612.1264489889145,4335.839368406837
-3047.9091717004776,-1603.5946177093547
1490.616312980652,-8981.734605423157
-4642.599979043007,-3000.004358582696
-8710.522763967514,-6334.839959911473
14669.83442413807,-3648.148695531418
5867.272209525108,-1379.3857840906567
1658.699720621109,-5239.321212152356
-10917.136347174644,-725.3333832582641
864.4503744840622,-2396.1199588778427
-5717.64565372467,-732.6692789999632
648.5596588850021,-260.2754691661785
-9928.813527584076,3732.0123779650444
6464.390622019768,-535.1855575608673
9867.45604646206,5172.610682915164
6977.455095291138,-245.8860870166576
10025.683569550514,8806.789346299473
-11228.966511368752,-885.1870651017066
3044.462893486023,7694.189272056846
-2305.966524243355,-3247.7548607261433
-12944.5815346241,8606.725647190193
-4069.29714000225,1922.8020858115492
-7078.922622203827,-4055.9882989520293
-7431.606467962265,-3525.350716206627
13436.748694062231,3801.978984507353
1803.730942249298,4755.274085088854
-9874.213902831078,-5977.081645704243
7467.799252986908,-2111.50986840759
-13481.510011553764,-9424.224940805814
-2904.453350543976,-2832.6626057623694
5035.375986456871,-3093.2636147766143
1883.611542344093,2171.2132810624958
-1281.2076896429062,-3981.630344421585
5654.401199698448,-4446.472406804566
12879.299690008163,9597.81122352448
-8899.613226890564,-1180.893487118675
-507.91699826717377,-3155.4541391135917
-5003.937182307243,-2105.791717500315
11600.979842305183,2982.933221350158
-3155.1627175807953,-1879.797527853419
-11970.119869112968,-6285.410851905105
-3893.366187095642,-4131.886303195682
-2576.014981031418,-3646.0126078058674
-1755.3784892559052,-1638.0125735769495
-3381.925213456154,-5030.404268592158
-11281.177968859673,-9413.581895810563
7200.3010597229,-1894.7354204444362
9352.904735922812,-4449.040824045218
-1770.6072067022324,184.09051981111043
13316.380260825155,10456.57292053063
6079.65156018734,2094.601474406548
9735.68914425373,4294.098076907262
-2319.132919549942,-3260.478111753566
-7399.514061450958,-7381.367453785473
5525.024172306061,779.8239446742624
-11122.68094408512,2918.2602015669963
12622.204271793364,-1354.3247085773096
12494.432881951332,2170.755023152112
-2668.8089703321457,1151.0405136117863
-2586.808813929558,-1404.2610251909805
-2496.091420173645,2364.1528712474906
2525.704230070114,2292.0124559235114
14244.29504096508,16239.430671030941
11955.736276626589,12995.596433017858
-8479.532333612442,-1517.5095753300063
-12544.659303188324,-5619.401370785245
-6593.664810180664,-4964.616447544924
-8995.238338828087,-8639.179199174896
-2900.083231806755,-2292.0044094417867
13003.339533686638,-6897.239590485626
-8872.538639426231,3633.567135978912
8698.132771492004,3439.031589813523
-8395.784898400307,8516.367849238208
-1054.9687142372131,901.2142949651476
16362.089730024338,-8162.0013391105695
2447.359349131584,1436.965347359945
8590.13980615139,4742.355367492054
-3859.0490112304688,8235.186493787993
-11252.614005684853,-4172.978794636856
15447.133851766586,9483.55023908156
-7876.348035573959,-0.3287006544887845
-2554.1302601099014,-2597.656106532227
-2475.257157444954,-1531.5892213037819
-3025.6034371852875,-81.21769307061322
-12009.774316906927,20.762151202145787
-12351.499212622644,7668.104748659754
-251.5956826210022,-78.8971879180022
943.6418719291688,597.2799734109268
-11426.318027496338,8062.449056706254
-8920.652963161469,-4571.6390782518665
11383.586358189585,7596.368439178009
-7282.88583278656,-6273.8093795824825
15309.87440931797,10010.592460963002
-3870.31459581852,-1977.4225298436627
-9882.413026094437,-1829.3912033122708
3169.8999425172806,6171.577640937632
8767.080002069473,5740.709769240948
1516.7482273578644,-2231.954551656301
-10303.167296648026,205.71609566958477
2704.773457765579,-3826.8676157377668
-9346.19805276394,1678.6504779816514
-11773.027235627174,-11512.25885517063
523.9490361213684,-4306.1821449938
-6725.449041962624,8443.195227617744
5812.461308002472,-3764.127840044558
3976.648644328118,11253.953407230312
-10862.223845481873,-8855.835400833219
-10398.796439528463,-3580.7668926454453
-9136.271253347397,8001.753353362069
-3282.4754205942154,-2717.962726536939
1465.8195328712463,5057.25364175544
-1852.892758488655,-2159.4586061176824
4857.626551866531,-5158.396325210897
7247.346007227898,1457.7017582943295
-11339.206225156784,-9117.930514279798
10236.838250160215,6318.244591056514
2402.1965965032578,1080.7089926949088
-5830.338229298592,-2216.6369927820815
-7994.2805342674255,-4726.43745836566
13560.074040055277,-5465.9240855715025
10553.992348074911,6224.050175027502
13428.64418244362,218.44224429658215
16333.22467494011,16894.231116632185
-13002.130955219269,6162.827869929339
13730.421251773834,-3796.757259048675
-3083.999532341957,-2631.700118991735
13716.33596432209,-1530.8854283312075
16875.65578210354,3663.8556682242724
-11166.182563781738,-1681.3731294265713
606.6748358011246,-429.60958287270546
9020.059032559397,84.06363459076465
14882.320771098137,-1944.506371627704
1624.3614305257795,5381.549997504389
-11496.509954571724,-8087.0881112241495
3984.632288336754,-1396.9494611676969
2373.730123758316,-2913.1978651378713
-760.890408873558,7915.926534378002
10958.611616253853,5791.19695832166
6099.578997015953,-5939.9354144337385
7692.944962382317,13603.780933974716
-12507.70674073696,-2736.8406422592293
-1405.3162019252777,-1472.2014027158789
-11890.327933907509,-3079.7302966429106
3311.8848552703857,1884.3467459208
367.3533841371536,-234.36294144886847
